{"cameraMode":{"drawMode":0,"name":"Shaded","section":"Shading Mode"},"sceneLighting":true,"audioPlay":false,"sceneViewState":{"showFog":true,"showMaterialUpdate":false,"showSkybox":true,"showFlares":true,"showImageEffects":true,"showParticleSystems":true},"in2DMode":false,"pivot":{"x":-6.661530494689941,"y":130.35107421875,"z":-66.88250732421875},"rotation":{"x":0.05435933917760849,"y":-0.7267237305641174,"z":0.05789659917354584,"w":0.6823242902755737},"size":59.195831298828128,"orthographic":false}