{"cameraMode":{"drawMode":0,"name":"Shaded","section":"Shading Mode"},"sceneLighting":false,"audioPlay":false,"sceneViewState":{"showFog":true,"showMaterialUpdate":false,"showSkybox":false,"showFlares":true,"showImageEffects":true,"showParticleSystems":true},"in2DMode":false,"pivot":{"x":24.85477638244629,"y":75.71094512939453,"z":3.0095770359039308},"rotation":{"x":0.4211944341659546,"y":-0.2637324333190918,"z":0.12945564091205598,"w":0.85807204246521},"size":19.099811553955079,"orthographic":false}