{"cameraMode":{"drawMode":0,"name":"Shaded","section":"Shading Mode"},"sceneLighting":true,"audioPlay":false,"sceneViewState":{"showFog":true,"showMaterialUpdate":false,"showSkybox":true,"showFlares":true,"showImageEffects":true,"showParticleSystems":true},"in2DMode":false,"pivot":{"x":0.2442418932914734,"y":14.236381530761719,"z":54.53221893310547},"rotation":{"x":0.36934003233909609,"y":0.0072573088109493259,"z":-0.0028850380331277849,"w":0.9292643070220947},"size":153.11367797851563,"orthographic":false}