{"cameraMode":{"drawMode":0,"name":"Shaded","section":"Shading Mode"},"sceneLighting":true,"audioPlay":false,"sceneViewState":{"showFog":true,"showMaterialUpdate":false,"showSkybox":true,"showFlares":true,"showImageEffects":true,"showParticleSystems":true},"in2DMode":false,"pivot":{"x":-1.12083101272583,"y":11.904624938964844,"z":52.276145935058597},"rotation":{"x":0.36918166279792788,"y":0.0281621553003788,"z":-0.011193757876753807,"w":0.9288658499717712},"size":121.59563446044922,"orthographic":false}