{"cameraMode":{"drawMode":0,"name":"Shaded","section":"Shading Mode"},"sceneLighting":true,"audioPlay":false,"sceneViewState":{"showFog":true,"showMaterialUpdate":false,"showSkybox":true,"showFlares":true,"showImageEffects":true,"showParticleSystems":true},"in2DMode":false,"pivot":{"x":-15.196212768554688,"y":74.2524642944336,"z":0.7462730407714844},"rotation":{"x":0.28235888481140139,"y":-0.2412693053483963,"z":0.07360527664422989,"w":0.9255555868148804},"size":46.41594314575195,"orthographic":false}