{"cameraMode":{"drawMode":0,"name":"Shaded","section":"Shading Mode"},"sceneLighting":true,"audioPlay":false,"sceneViewState":{"showFog":true,"showMaterialUpdate":false,"showSkybox":true,"showFlares":true,"showImageEffects":true,"showParticleSystems":true},"in2DMode":false,"pivot":{"x":-19.640911102294923,"y":66.6539535522461,"z":-1.7303848266601563},"rotation":{"x":0.2525664269924164,"y":-0.10251528769731522,"z":0.026920432224869729,"w":0.9617593884468079},"size":79.75727844238281,"orthographic":false}