{"cameraMode":{"drawMode":0,"name":"Shaded","section":"Shading Mode"},"sceneLighting":true,"audioPlay":false,"sceneViewState":{"showFog":true,"showMaterialUpdate":false,"showSkybox":true,"showFlares":true,"showImageEffects":true,"showParticleSystems":true},"in2DMode":false,"pivot":{"x":-4.53417444229126,"y":33.2476806640625,"z":67.33953094482422},"rotation":{"x":0.21169523894786836,"y":0.0032346632797271015,"z":-0.0007012040005065501,"w":0.9773325324058533},"size":261.16357421875,"orthographic":false}