{"cameraMode":{"drawMode":0,"name":"Shaded","section":"Shading Mode"},"sceneLighting":true,"audioPlay":false,"sceneViewState":{"showFog":true,"showMaterialUpdate":true,"showSkybox":true,"showFlares":true,"showImageEffects":true,"showParticleSystems":true},"in2DMode":false,"pivot":{"x":-5.281703472137451,"y":50.941993713378909,"z":40.33427429199219},"rotation":{"x":0.2960559129714966,"y":-0.015759803354740144,"z":0.00488665048032999,"w":0.9550327658653259},"size":101.99224090576172,"orthographic":false}