{"cameraMode":{"drawMode":0,"name":"Shaded","section":"Shading Mode"},"sceneLighting":true,"audioPlay":false,"sceneViewState":{"showFog":true,"showMaterialUpdate":false,"showSkybox":true,"showFlares":true,"showImageEffects":true,"showParticleSystems":true},"in2DMode":false,"pivot":{"x":12.410157203674317,"y":69.55186462402344,"z":-8.072395324707032},"rotation":{"x":-0.35577359795570376,"y":0.1770271211862564,"z":-0.06882720440626145,"w":-0.9150673747062683},"size":44.601341247558597,"orthographic":false}