{"cameraMode":{"drawMode":0,"name":"Shaded","section":"Shading Mode"},"sceneLighting":true,"audioPlay":false,"sceneViewState":{"showFog":true,"showMaterialUpdate":false,"showSkybox":true,"showFlares":true,"showImageEffects":true,"showParticleSystems":true},"in2DMode":false,"pivot":{"x":311.6302795410156,"y":188.13723754882813,"z":32.60459518432617},"rotation":{"x":0.014990086667239666,"y":-0.0039021442644298078,"z":-0.0000584253175475169,"w":-0.999894917011261},"size":523.2123413085938,"orthographic":false}