{"cameraMode":{"drawMode":0,"name":"Shaded","section":"Shading Mode"},"sceneLighting":true,"audioPlay":false,"sceneViewState":{"showFog":true,"showMaterialUpdate":false,"showSkybox":true,"showFlares":true,"showImageEffects":true,"showParticleSystems":true},"in2DMode":false,"pivot":{"x":11.870134353637696,"y":89.84069061279297,"z":-8.000591278076172},"rotation":{"x":-0.2099311500787735,"y":0.007918515242636204,"z":-0.001694074016995728,"w":-0.9776912331581116},"size":103.1235122680664,"orthographic":false}