{"cameraMode":{"drawMode":0,"name":"Shaded","section":"Shading Mode"},"sceneLighting":true,"audioPlay":false,"sceneViewState":{"showFog":true,"showMaterialUpdate":false,"showSkybox":true,"showFlares":true,"showImageEffects":true,"showParticleSystems":true},"in2DMode":false,"pivot":{"x":1630.7664794921875,"y":595.7352905273438,"z":-661.0635986328125},"rotation":{"x":0.10291458666324616,"y":0.042358461767435077,"z":0.004387256223708391,"w":-0.9937887191772461},"size":1210.619873046875,"orthographic":false}