{"cameraMode":{"drawMode":0,"name":"Shaded","section":"Shading Mode"},"sceneLighting":true,"audioPlay":false,"sceneViewState":{"showFog":true,"showMaterialUpdate":false,"showSkybox":true,"showFlares":true,"showImageEffects":true,"showParticleSystems":true},"in2DMode":false,"pivot":{"x":817.849853515625,"y":244.42950439453126,"z":104.196044921875},"rotation":{"x":-0.13036315143108369,"y":0.03330405801534653,"z":-0.004381473176181316,"w":-0.9908966422080994},"size":2318.025146484375,"orthographic":false}