{"cameraMode":{"drawMode":0,"name":"Shaded","section":"Shading Mode"},"sceneLighting":false,"audioPlay":false,"sceneViewState":{"showFog":true,"showMaterialUpdate":false,"showSkybox":false,"showFlares":true,"showImageEffects":true,"showParticleSystems":true},"in2DMode":false,"pivot":{"x":-27.451444625854493,"y":10.771607398986817,"z":1.038527488708496},"rotation":{"x":-0.21891620755195619,"y":-0.030148161575198175,"z":0.006767088081687689,"w":-0.975257158279419},"size":13.861604690551758,"orthographic":false}