{"cameraMode":{"drawMode":0,"name":"Shaded","section":"Shading Mode"},"sceneLighting":true,"audioPlay":false,"sceneViewState":{"showFog":true,"showMaterialUpdate":false,"showSkybox":true,"showFlares":true,"showImageEffects":true,"showParticleSystems":true},"in2DMode":false,"pivot":{"x":-49.143795013427737,"y":49.170936584472659,"z":-126.30842590332031},"rotation":{"x":-0.32733091711997988,"y":0.08262311667203903,"z":-0.028762122616171838,"w":-0.940864622592926},"size":51.31790542602539,"orthographic":false}