{"cameraMode":{"drawMode":0,"name":"Shaded","section":"Shading Mode"},"sceneLighting":true,"audioPlay":false,"sceneViewState":{"showFog":true,"showMaterialUpdate":false,"showSkybox":true,"showFlares":true,"showImageEffects":true,"showParticleSystems":true},"in2DMode":false,"pivot":{"x":-11.611812591552735,"y":16.691936492919923,"z":-51.7426643371582},"rotation":{"x":0.2124100774526596,"y":0.08196832239627838,"z":-0.017883460968732835,"w":0.9735730290412903},"size":21.156204223632814,"orthographic":false}