{"cameraMode":{"drawMode":0,"name":"Shaded","section":"Shading Mode"},"sceneLighting":true,"audioPlay":false,"sceneViewState":{"showFog":true,"showMaterialUpdate":false,"showSkybox":true,"showFlares":true,"showImageEffects":true,"showParticleSystems":true},"in2DMode":false,"pivot":{"x":-4.162178993225098,"y":-107.57280731201172,"z":192.64883422851563},"rotation":{"x":0.3600899577140808,"y":-0.014836447313427925,"z":0.005760868079960346,"w":0.9328116774559021},"size":317.4918212890625,"orthographic":false}