{"cameraMode":{"drawMode":0,"name":"Shaded","section":"Shading Mode"},"sceneLighting":true,"audioPlay":false,"sceneViewState":{"showFog":true,"showMaterialUpdate":false,"showSkybox":true,"showFlares":true,"showImageEffects":true,"showParticleSystems":true},"in2DMode":false,"pivot":{"x":142.51361083984376,"y":737.64208984375,"z":-182.50723266601563},"rotation":{"x":-0.3480660915374756,"y":-0.005062477197498083,"z":0.0018868220504373313,"w":-0.9374640583992004},"size":540.9427490234375,"orthographic":false}