{"cameraMode":{"drawMode":0,"name":"Shaded","section":"Shading Mode"},"sceneLighting":true,"audioPlay":false,"sceneViewState":{"showFog":true,"showMaterialUpdate":false,"showSkybox":true,"showFlares":true,"showImageEffects":true,"showParticleSystems":true},"in2DMode":false,"pivot":{"x":734.87744140625,"y":447.3033447265625,"z":-30.908782958984376},"rotation":{"x":-0.14111918210983277,"y":0.7556474804878235,"z":-0.17319530248641969,"w":-0.6157000064849854},"size":1533.687744140625,"orthographic":false}