{"cameraMode":{"drawMode":0,"name":"Shaded","section":"Shading Mode"},"sceneLighting":true,"audioPlay":false,"sceneViewState":{"showFog":true,"showMaterialUpdate":false,"showSkybox":true,"showFlares":true,"showImageEffects":true,"showParticleSystems":true},"in2DMode":false,"pivot":{"x":-11.374217987060547,"y":32.04450988769531,"z":35.84569549560547},"rotation":{"x":0.37252214550971987,"y":-0.058130111545324329,"z":0.023363538086414338,"w":0.9259176254272461},"size":120.52043914794922,"orthographic":false}