{"cameraMode":{"drawMode":0,"name":"Shaded","section":"Shading Mode"},"sceneLighting":false,"audioPlay":false,"sceneViewState":{"showFog":true,"showMaterialUpdate":false,"showSkybox":false,"showFlares":true,"showImageEffects":true,"showParticleSystems":true},"in2DMode":false,"pivot":{"x":23.299999237060548,"y":74.749755859375,"z":-0.7100000381469727},"rotation":{"x":0.3329050838947296,"y":0.05088578164577484,"z":-0.017994459718465806,"w":0.9414144158363342},"size":9.709734916687012,"orthographic":false}