{"cameraMode":{"drawMode":0,"name":"Shaded","section":"Shading Mode"},"sceneLighting":false,"audioPlay":false,"sceneViewState":{"showFog":true,"showMaterialUpdate":false,"showSkybox":false,"showFlares":true,"showImageEffects":true,"showParticleSystems":true},"in2DMode":false,"pivot":{"x":-8.164989471435547,"y":71.43785858154297,"z":-24.969711303710939},"rotation":{"x":0.3948171138763428,"y":-0.01323120016604662,"z":0.00572210643440485,"w":0.9186753034591675},"size":9.191259384155274,"orthographic":false}