{"cameraMode":{"drawMode":0,"name":"Shaded","section":"Shading Mode"},"sceneLighting":true,"audioPlay":false,"sceneViewState":{"showFog":true,"showMaterialUpdate":false,"showSkybox":true,"showFlares":true,"showImageEffects":true,"showParticleSystems":true},"in2DMode":false,"pivot":{"x":10.977928161621094,"y":18.513439178466798,"z":9.327156066894532},"rotation":{"x":-0.4873407781124115,"y":-0.08176315575838089,"z":0.04589810594916344,"w":-0.8681706190109253},"size":71.63615417480469,"orthographic":false}