{"cameraMode":{"drawMode":0,"name":"Shaded","section":"Shading Mode"},"sceneLighting":true,"audioPlay":false,"sceneViewState":{"showFog":true,"showMaterialUpdate":false,"showSkybox":true,"showFlares":true,"showImageEffects":true,"showParticleSystems":true},"in2DMode":false,"pivot":{"x":0.5155582427978516,"y":62.48415756225586,"z":0.6932182312011719},"rotation":{"x":0.3940701186656952,"y":0.03169294446706772,"z":-0.013600517064332962,"w":0.9184375405311585},"size":66.31424713134766,"orthographic":false}