{"cameraMode":{"drawMode":0,"name":"Shaded","section":"Shading Mode"},"sceneLighting":true,"audioPlay":false,"sceneViewState":{"showFog":true,"showMaterialUpdate":false,"showSkybox":true,"showFlares":true,"showImageEffects":true,"showParticleSystems":true},"in2DMode":false,"pivot":{"x":-5.56590461730957,"y":33.33136749267578,"z":54.34309768676758},"rotation":{"x":-0.3411650061607361,"y":0.027346201241016389,"z":-0.009929712861776352,"w":-0.9395531415939331},"size":96.78111267089844,"orthographic":false}