{"cameraMode":{"drawMode":0,"name":"Shaded","section":"Shading Mode"},"sceneLighting":true,"audioPlay":false,"sceneViewState":{"showFog":true,"showMaterialUpdate":false,"showSkybox":true,"showFlares":true,"showImageEffects":true,"showParticleSystems":true},"in2DMode":false,"pivot":{"x":-16.434967041015626,"y":56.135704040527347,"z":13.422271728515625},"rotation":{"x":0.3360177278518677,"y":-0.14376099407672883,"z":0.05147700384259224,"w":0.9294919967651367},"size":82.92406463623047,"orthographic":false}