{"cameraMode":{"drawMode":0,"name":"Shaded","section":"Shading Mode"},"sceneLighting":true,"audioPlay":false,"sceneViewState":{"showFog":true,"showMaterialUpdate":false,"showSkybox":true,"showFlares":true,"showImageEffects":true,"showParticleSystems":true},"in2DMode":false,"pivot":{"x":117.4671401977539,"y":-214.49542236328126,"z":787.701904296875},"rotation":{"x":0.1688566952943802,"y":0.07060030847787857,"z":-0.012127838097512722,"w":0.983039915561676},"size":914.4193725585938,"orthographic":false}