{"cameraMode":{"drawMode":0,"name":"Shaded","section":"Shading Mode"},"sceneLighting":true,"audioPlay":false,"sceneViewState":{"showFog":true,"showMaterialUpdate":false,"showSkybox":true,"showFlares":true,"showImageEffects":true,"showParticleSystems":true},"in2DMode":false,"pivot":{"x":9.199616432189942,"y":87.28812408447266,"z":-25.815034866333009},"rotation":{"x":0.3768329322338104,"y":-0.1121278703212738,"z":0.046011846512556079,"w":0.9183175563812256},"size":11.068806648254395,"orthographic":false}