{"cameraMode":{"drawMode":0,"name":"Shaded","section":"Shading Mode"},"sceneLighting":true,"audioPlay":false,"sceneViewState":{"showFog":true,"showMaterialUpdate":false,"showSkybox":true,"showFlares":true,"showImageEffects":true,"showParticleSystems":true},"in2DMode":false,"pivot":{"x":6.298386096954346,"y":-7.981792449951172,"z":-14.425224304199219},"rotation":{"x":-0.29704973101615908,"y":0.03493533283472061,"z":-0.010876146145164967,"w":-0.9541617035865784},"size":46.70869064331055,"orthographic":false}