{"cameraMode":{"drawMode":0,"name":"Shaded","section":"Shading Mode"},"sceneLighting":true,"audioPlay":false,"sceneViewState":{"showFog":true,"showMaterialUpdate":false,"showSkybox":true,"showFlares":true,"showImageEffects":true,"showParticleSystems":true},"in2DMode":false,"pivot":{"x":0.7459044456481934,"y":94.97693634033203,"z":-37.925804138183597},"rotation":{"x":0.4132021963596344,"y":-0.010927173309028149,"z":0.004958671983331442,"w":0.9105611443519592},"size":8.992627143859864,"orthographic":false}