{"cameraMode":{"drawMode":0,"name":"Shaded","section":"Shading Mode"},"sceneLighting":true,"audioPlay":false,"sceneViewState":{"showFog":true,"showMaterialUpdate":false,"showSkybox":true,"showFlares":true,"showImageEffects":true,"showParticleSystems":true},"in2DMode":false,"pivot":{"x":-1.9052770137786866,"y":61.493350982666019,"z":1.8492608070373536},"rotation":{"x":0.045767128467559817,"y":0.9517527222633362,"z":-0.24688802659511567,"w":0.17643749713897706},"size":95.49314880371094,"orthographic":false}